"","Albany, GA Metro Area","","Americus, GA Micro Area","","Athens-Clarke County, GA Metro Area","","Atlanta-Sandy Springs-Alpharetta, GA Metro Area","","Augusta-Richmond County, GA-SC Metro Area","","Bainbridge, GA Micro Area","","Brunswick, GA Metro Area","","Calhoun, GA Micro Area","","Cedartown, GA Micro Area","","Chattanooga, TN-GA Metro Area","","Columbus, GA-AL Metro Area","","Cordele, GA Micro Area","","Cornelia, GA Micro Area","","Dalton, GA Metro Area","","Douglas, GA Micro Area","","Dublin, GA Micro Area","","Eufaula, AL-GA Micro Area","","Fitzgerald, GA Micro Area","","Gainesville, GA Metro Area","","Hinesville, GA Metro Area","","Jefferson, GA Micro Area","","Jesup, GA Micro Area","","LaGrange, GA-AL Micro Area","","Macon-Bibb County, GA Metro Area","","Milledgeville, GA Micro Area","","Moultrie, GA Micro Area","","Rome, GA Metro Area","","St. Marys, GA Micro Area","","Savannah, GA Metro Area","","Statesboro, GA Micro Area","","Summerville, GA Micro Area","","Thomaston, GA Micro Area","","Thomasville, GA Micro Area","","Tifton, GA Micro Area","","Toccoa, GA Micro Area","","Valdosta, GA Metro Area","","Vidalia, GA Micro Area","","Warner Robins, GA Metro Area","","Waycross, GA Micro Area","","United States","","Georgia",""
"Label (Grouping)","Albany, GA Metro Area!!Estimate","Albany, GA Metro Area!!Margin of Error","Americus, GA Micro Area!!Estimate","Americus, GA Micro Area!!Margin of Error","Athens-Clarke County, GA Metro Area!!Estimate","Athens-Clarke County, GA Metro Area!!Margin of Error","Atlanta-Sandy Springs-Alpharetta, GA Metro Area!!Estimate","Atlanta-Sandy Springs-Alpharetta, GA Metro Area!!Margin of Error","Augusta-Richmond County, GA-SC Metro Area!!Estimate","Augusta-Richmond County, GA-SC Metro Area!!Margin of Error","Bainbridge, GA Micro Area!!Estimate","Bainbridge, GA Micro Area!!Margin of Error","Brunswick, GA Metro Area!!Estimate","Brunswick, GA Metro Area!!Margin of Error","Calhoun, GA Micro Area!!Estimate","Calhoun, GA Micro Area!!Margin of Error","Cedartown, GA Micro Area!!Estimate","Cedartown, GA Micro Area!!Margin of Error","Chattanooga, TN-GA Metro Area!!Estimate","Chattanooga, TN-GA Metro Area!!Margin of Error","Columbus, GA-AL Metro Area!!Estimate","Columbus, GA-AL Metro Area!!Margin of Error","Cordele, GA Micro Area!!Estimate","Cordele, GA Micro Area!!Margin of Error","Cornelia, GA Micro Area!!Estimate","Cornelia, GA Micro Area!!Margin of Error","Dalton, GA Metro Area!!Estimate","Dalton, GA Metro Area!!Margin of Error","Douglas, GA Micro Area!!Estimate","Douglas, GA Micro Area!!Margin of Error","Dublin, GA Micro Area!!Estimate","Dublin, GA Micro Area!!Margin of Error","Eufaula, AL-GA Micro Area!!Estimate","Eufaula, AL-GA Micro Area!!Margin of Error","Fitzgerald, GA Micro Area!!Estimate","Fitzgerald, GA Micro Area!!Margin of Error","Gainesville, GA Metro Area!!Estimate","Gainesville, GA Metro Area!!Margin of Error","Hinesville, GA Metro Area!!Estimate","Hinesville, GA Metro Area!!Margin of Error","Jefferson, GA Micro Area!!Estimate","Jefferson, GA Micro Area!!Margin of Error","Jesup, GA Micro Area!!Estimate","Jesup, GA Micro Area!!Margin of Error","LaGrange, GA-AL Micro Area!!Estimate","LaGrange, GA-AL Micro Area!!Margin of Error","Macon-Bibb County, GA Metro Area!!Estimate","Macon-Bibb County, GA Metro Area!!Margin of Error","Milledgeville, GA Micro Area!!Estimate","Milledgeville, GA Micro Area!!Margin of Error","Moultrie, GA Micro Area!!Estimate","Moultrie, GA Micro Area!!Margin of Error","Rome, GA Metro Area!!Estimate","Rome, GA Metro Area!!Margin of Error","St. Marys, GA Micro Area!!Estimate","St. Marys, GA Micro Area!!Margin of Error","Savannah, GA Metro Area!!Estimate","Savannah, GA Metro Area!!Margin of Error","Statesboro, GA Micro Area!!Estimate","Statesboro, GA Micro Area!!Margin of Error","Summerville, GA Micro Area!!Estimate","Summerville, GA Micro Area!!Margin of Error","Thomaston, GA Micro Area!!Estimate","Thomaston, GA Micro Area!!Margin of Error","Thomasville, GA Micro Area!!Estimate","Thomasville, GA Micro Area!!Margin of Error","Tifton, GA Micro Area!!Estimate","Tifton, GA Micro Area!!Margin of Error","Toccoa, GA Micro Area!!Estimate","Toccoa, GA Micro Area!!Margin of Error","Valdosta, GA Metro Area!!Estimate","Valdosta, GA Metro Area!!Margin of Error","Vidalia, GA Micro Area!!Estimate","Vidalia, GA Micro Area!!Margin of Error","Warner Robins, GA Metro Area!!Estimate","Warner Robins, GA Metro Area!!Margin of Error","Waycross, GA Micro Area!!Estimate","Waycross, GA Micro Area!!Margin of Error","United States!!Estimate","United States!!Margin of Error","Georgia!!Estimate","Georgia!!Margin of Error"
"Total:","146,258","±372","34,884","±134","205,961","±298","5,793,481","±2,187","591,539","±703","26,398","±122","115,991","±295","56,587","±174","41,307","±214","550,144","±540","315,132","±444","22,518","±102","44,215","±101","141,870","±355","50,711","±181","63,081","±174","27,287","±202","16,833","±89","196,406","±355","78,488","±288","67,201","±147","29,313","±194","102,309","±301","226,586","±389","53,117","±179","44,805","±202","96,396","±256","52,440","±193","380,861","±658","75,404","±176","24,567","±96","26,094","±93","43,946","±190","39,817","±186","25,343","±157","143,672","±281","35,587","±117","177,857","±494","54,160","±187","320,984,519","±12,103","10,277,909","±2,790"
"    1 to 4 years","7,366","±377","1,788","±198","8,806","±304","304,132","±2,210","29,444","±775","1,506","±122","5,111","±305","2,725","±161","2,252","±240","25,622","±618","17,517","±457","1,250","±151","2,195","±109","7,360","±342","2,914","±183","3,270","±232","1,149","±76","895","±107","10,840","±365","6,110","±300","3,765","±161","1,504","±243","5,335","±317","11,499","±404","2,039","±266","2,438","±200","4,895","±264","3,029","±182","20,192","±672","3,608","±190","1,191","±111","1,626","±228","2,132","±195","2,102","±189","1,290","±158","8,424","±318","1,965","±122","8,980","±476","2,820","±188","16,054,394","±12,007","530,739","±2,907"
"    5 to 17 years","26,562","±106","5,974","±135","30,820","±178","1,075,323","±514","101,978","±303","4,734","*****","19,027","±156","10,754","±77","7,984","±67","86,254","±286","54,258","±337","4,071","±105","7,412","±81","27,811","±64","9,319","±60","10,971","±245","4,249","±84","3,179","±59","37,825","±64","14,892","±191","12,810","±66","5,386","±115","17,720","±111","39,738","±223","7,141","±186","8,792","±77","16,812","±137","8,997","±102","63,707","±131","10,892","±93","4,149","±98","4,340","±151","7,833","±26","7,251","±31","4,062","±132","24,568","±368","6,628","±52","33,363","±151","9,710","±183","53,661,722","±6,266","1,848,563","±1,131"
"    18 and 19 years","4,538","±213","1,292","±284","12,973","±505","154,043","±686","15,760","±491","718","±210","2,529","±210","1,432","±221","1,036","±162","13,786","±271","8,992","±391","869","±235","1,307","±159","3,640","±145","1,602","±216","1,626","±163","517","±38","547","±203","4,922","±136","2,247","±318","1,471","±228","787","±167","2,541","±170","6,474","±325","3,302","±253","1,096","±176","3,291","±172","1,730","±182","11,448","±297","6,673","±319","551","±51","633","±132","989","±51","1,605","±260","755","±60","5,626","±265","1,104","±209","5,076","±315","1,150","±184","8,631,219","±8,338","294,940","±1,854"
"    20 to 24 years","10,698","±271","3,403","±320","26,858","±495","381,717","±1,003","39,952","±642","1,696","±219","6,367","±289","3,517","±212","2,536","±226","33,911","±369","23,627","±338","1,187","±186","3,017","±197","9,430","±164","3,459","±228","3,798","±206","1,653","±64","1,051","±206","13,131","±155","8,023","±348","3,298","±204","1,610","±150","7,204","±218","15,360","±381","5,875","±280","2,991","±230","6,582","±189","5,055","±228","28,392","±295","11,674","±320","1,569","±94","1,566","±156","2,600","±70","3,069","±262","1,809","±101","16,240","±326","2,308","±298","12,295","±338","3,040","±211","22,015,108","±8,084","715,388","±2,238"
"    25 to 29 years","10,270","±279","2,223","±140","15,935","±181","422,323","±744","44,063","±392","1,774","±59","7,377","±245","3,547","±141","2,691","±228","39,226","±264","26,125","±330","1,200","±165","2,806","±97","10,106","±250","3,788","±141","4,068","±226","1,944","±88","773","±136","13,423","±83","8,722","±264","4,519","±247","1,919","±213","7,204","±161","15,551","±313","3,718","±193","2,889","±117","6,598","±95","4,756","±215","31,827","±261","5,796","±119","1,766","±112","1,603","±198","2,719","±73","2,626","±101","1,582","±124","11,676","±273","2,192","±223","13,062","±156","3,877","±273","23,069,320","±7,490","743,604","±1,545"
"    30 to 34 years","9,227","±335","2,016","±179","13,624","±272","406,705","±797","40,465","±416","1,621","±81","6,641","±156","3,571","±199","2,739","±212","35,864","±310","23,208","±345","1,365","±110","2,433","±100","8,990","±224","3,166","±134","3,479","±177","2,071","±122","935","±160","12,395","±109","6,241","±212","4,386","±131","1,796","±169","6,357","±185","13,828","±305","2,901","±104","2,869","±127","5,756","±41","3,742","±134","29,180","±235","4,777","±132","1,314","±73","1,242","±116","2,754","±143","2,459","±123","1,421","±138","9,980","±319","2,297","±350","12,860","±236","3,194","±92","21,961,095","±5,749","697,170","±1,904"
"    35 to 39 years","9,328","±578","1,822","±258","12,582","±649","416,687","±3,974","38,140","±1,284","1,595","±232","6,333","±585","4,173","±468","2,476","±382","34,551","±1,214","20,911","±894","1,460","±275","2,849","±294","9,183","±674","3,128","±373","4,093","±421","1,653","±178","954","±211","12,418","±742","5,038","±365","4,690","±421","1,691","±290","6,872","±439","13,655","±657","3,292","±325","3,324","±371","5,644","±451","3,387","±308","26,317","±1,105","4,482","±447","1,810","±236","1,384","±201","2,395","±342","2,446","±327","1,028","±186","8,241","±604","2,107","±302","12,527","±846","3,405","±339","21,071,305","±25,436","698,081","±5,612"
"    40 to 44 years","8,588","±573","2,088","±298","12,449","±668","404,709","±4,026","35,400","±1,297","1,584","±212","7,184","±565","3,116","±482","2,600","±340","34,428","±1,184","18,717","±858","1,172","±226","2,597","±331","9,200","±654","3,665","±373","3,986","±381","1,577","±174","1,062","±222","12,728","±732","4,474","±309","4,628","±353","2,209","±233","5,498","±426","13,170","±609","2,352","±366","2,509","±382","6,100","±455","2,597","±310","23,667","±1,091","3,561","±404","1,445","±210","1,717","±241","2,747","±330","2,782","±377","1,482","±184","8,413","±653","2,179","±321","10,854","±850","3,318","±326","19,907,526","±25,995","676,053","±5,493"
"    45 to 49 years","8,722","±185","2,102","±114","11,897","±308","430,242","±741","35,974","±296","1,682","±55","7,647","±211","4,198","±218","2,725","±197","36,255","±289","18,897","±300","1,196","±205","3,013","±180","9,822","±132","3,402","±202","3,914","±181","1,734","±63","1,052","±168","13,681","±104","3,953","±263","4,979","±260","2,189","±155","6,579","±154","14,306","±289","3,204","±163","2,816","±93","6,162","±98","2,952","±104","23,132","±244","3,934","±128","1,607","±77","1,702","±50","2,785","±63","2,325","±129","1,832","±110","7,808","±280","2,168","±146","11,194","±209","3,601","±210","20,727,770","±6,816","709,614","±1,381"
"    50 to 54 years","9,160","±109","2,080","±94","10,992","±178","409,155","±584","38,501","±281","1,773","±48","7,738","±206","4,131","±187","2,611","±199","37,007","±251","19,811","±205","1,495","±54","2,783","±128","9,731","±131","3,367","±145","4,184","±158","1,783","±70","1,172","±153","13,105","±99","4,010","±268","4,801","±271","1,874","±129","6,930","±148","14,941","±244","3,360","±169","2,911","±109","6,310","±118","3,124","±82","23,447","±188","3,951","±99","1,620","±75","1,850","±47","3,036","±88","2,359","±87","1,590","±90","8,280","±232","2,261","±134","12,118","±283","3,768","±226","21,344,850","±5,613","697,514","±1,388"
"    55 to 59 years","9,403","±545","2,075","±240","11,373","±574","373,829","±3,665","39,619","±1,019","1,972","±184","8,638","±545","3,655","±335","2,510","±281","37,120","±1,046","20,086","±698","1,602","±194","2,802","±291","8,801","±441","3,195","±334","4,591","±303","1,756","±186","1,224","±146","12,269","±511","4,152","±363","4,128","±351","1,893","±214","7,376","±484","15,527","±640","3,574","±326","2,887","±320","6,193","±380","3,551","±278","24,635","±843","3,758","±325","1,643","±204","1,915","±207","3,075","±329","2,739","±233","1,901","±231","8,024","±525","2,243","±227","12,421","±703","3,422","±351","21,654,255","±22,584","666,857","±4,886"
"    60 to 64 years","9,504","±558","2,170","±255","10,904","±620","316,923","±3,660","39,549","±979","1,476","±183","8,140","±530","3,521","±329","2,694","±263","38,247","±1,010","18,846","±724","1,514","±191","2,756","±316","7,783","±465","2,716","±333","3,762","±288","1,921","±195","1,139","±137","10,757","±525","3,552","±394","3,947","±337","1,798","±224","6,105","±452","15,405","±637","3,496","±337","2,346","±353","5,993","±393","2,758","±268","21,072","±852","3,819","±328","1,607","±203","1,797","±209","3,029","±334","2,195","±224","1,510","±237","7,670","±523","2,276","±248","9,837","±670","3,613","±333","20,102,159","±22,608","592,901","±4,911"
"    65 to 69 years","8,163","±425","1,849","±205","9,214","±448","256,651","±2,658","31,750","±924","1,246","±155","7,862","±515","2,815","±299","2,304","±242","31,460","±822","14,728","±590","1,223","±195","2,764","±257","6,807","±394","2,569","±272","3,669","±263","1,616","±129","1,077","±134","9,241","±444","2,534","±276","3,637","±325","1,462","±190","5,786","±366","13,001","±466","3,015","±252","2,297","±311","5,012","±384","2,460","±196","18,911","±816","2,890","±312","1,385","±132","1,625","±179","2,799","±232","1,906","±242","1,575","±265","6,194","±383","1,875","±205","7,852","±544","2,829","±293","16,840,799","±18,523","495,734","±3,294"
"    70 to 74 years","5,782","±392","1,635","±215","7,037","±428","185,335","±2,651","24,600","±920","1,182","±153","6,350","±476","2,136","±339","1,558","±232","25,323","±833","11,662","±566","1,180","±194","2,069","±256","5,205","±430","1,868","±261","2,836","±273","1,553","±141","634","±139","7,962","±412","2,079","±278","2,399","±287","1,451","±180","4,300","±346","8,996","±430","2,378","±255","1,738","±301","4,212","±353","1,913","±208","13,809","±826","2,338","±290","1,110","±151","1,155","±175","1,803","±226","1,539","±224","1,667","±256","4,834","±408","1,514","±193","5,907","±520","2,513","±276","12,701,467","±18,226","371,561","±3,422"
"    75 years and over","8,947","±96","2,367","±132","10,497","±183","255,707","±556","36,344","±324","1,839","±4","9,047","±189","3,296","±117","2,591","±74","41,090","±234","17,747","±193","1,734","±115","3,412","±117","8,001","±244","2,553","±117","4,834","±156","2,111","±80","1,139","±10","11,709","±140","2,461","±190","3,743","±87","1,744","±114","6,502","±136","15,135","±176","3,470","±29","2,902","±130","6,836","±149","2,389","±27","21,125","±158","3,251","±57","1,800","±80","1,939","±56","3,250","±14","2,414","±77","1,839","±56","7,694","±208","2,470","±136","9,511","±239","3,900","±97","21,241,530","±4,060","539,190","±1,069"
"    Same house 1 year ago:","121,084","±2,039","28,882","±954","160,689","±2,180","4,931,282","±13,281","510,847","±3,669","22,461","±670","100,412","±1,506","50,035","±846","36,825","±738","476,862","±3,350","250,760","±2,772","19,660","±678","39,433","±714","130,724","±1,244","45,975","±732","55,942","±815","23,321","±613","15,502","±381","170,490","±1,650","56,160","±1,704","60,791","±849","25,793","±669","89,217","±1,268","194,072","±2,130","44,106","±961","37,530","±1,054","81,890","±1,249","42,376","±1,017","304,386","±3,582","53,924","±1,431","21,536","±676","22,477","±735","36,214","±936","36,357","±754","21,603","±838","122,438","±1,450","29,850","±847","149,774","±2,221","47,870","±1,007","275,328,008","±182,093","8,730,768","±16,116"
"        1 to 4 years","5,560","±432","1,488","±231","7,282","±415","246,561","±3,476","23,189","±910","1,277","±180","4,017","±418","2,173","±222","1,936","±282","21,028","±737","12,400","±737","920","±235","1,901","±177","6,632","±401","2,602","±233","2,549","±255","771","±128","862","±106","9,168","±450","3,703","±430","3,254","±263","1,395","±258","4,439","±403","9,350","±562","1,707","±278","1,996","±290","3,914","±317","2,295","±281","15,124","±717","2,571","±277","861","±176","1,170","±143","1,673","±253","1,974","±200","999","±222","6,818","±366","1,491","±233","7,177","±562","2,177","±270","13,083,237","±26,141","425,890","±4,155"
"        5 to 17 years","21,327","±735","4,717","±484","26,205","±849","932,971","±4,448","88,995","±1,421","3,956","±306","16,316","±473","9,536","±360","7,114","±282","75,645","±1,084","43,231","±925","3,642","±229","6,771","±277","26,158","±449","8,603","±260","9,505","±349","3,343","±257","3,009","±100","33,104","±600","10,176","±614","11,807","±252","4,856","±303","15,507","±485","33,951","±830","6,213","±294","7,143","±473","14,257","±553","7,450","±387","52,409","±1,170","8,595","±549","3,473","±240","3,841","±338","6,342","±369","6,767","±207","3,150","±348","21,766","±661","5,240","±384","27,837","±793","8,273","±489","47,015,465","±56,175","1,594,152","±5,968"
"        18 and 19 years","3,215","±265","829","±225","3,537","±345","124,593","±1,543","12,127","±601","676","±205","2,115","±250","1,288","±221","987","±174","9,561","±491","5,342","±544","789","±251","1,036","±180","3,329","±180","1,390","±210","1,392","±178","434","±55","528","±196","4,039","±184","1,612","±352","1,317","±233","591","±154","2,041","±162","4,985","±368","1,552","±303","943","±176","2,635","±211","1,253","±226","6,721","±634","1,135","±277","438","±87","521","±159","861","±97","1,401","±266","511","±83","4,422","±397","800","±187","3,774","±344","1,037","±219","6,312,351","±10,589","221,257","±2,582"
"        20 to 24 years","7,482","±540","2,293","±351","14,938","±893","280,604","±3,129","30,508","±1,019","1,375","±244","4,804","±396","2,944","±272","2,068","±283","24,621","±747","14,842","±723","1,018","±185","2,508","±169","7,984","±340","2,938","±307","3,318","±235","1,352","±112","922","±222","10,076","±496","4,102","±596","2,707","±281","1,149","±240","5,623","±366","11,136","±595","3,860","±484","2,067","±307","4,487","±337","3,342","±298","18,124","±822","5,738","±589","1,286","±134","1,204","±181","1,565","±224","2,641","±320","1,613","±133","11,587","±639","1,584","±282","8,723","±601","2,287","±269","15,602,439","±21,488","516,393","±4,206"
"        25 to 29 years","7,492","±423","1,524","±201","11,129","±487","300,678","±2,674","32,964","±994","1,204","±194","5,842","±335","2,688","±284","2,069","±258","28,638","±854","16,271","±654","919","±187","2,341","±148","8,589","±402","3,194","±227","3,295","±259","1,473","±137","539","±141","10,594","±376","5,525","±482","3,639","±301","1,532","±192","5,617","±314","11,530","±572","2,787","±277","2,101","±215","4,796","±333","2,906","±332","20,580","±884","4,317","±354","1,450","±165","1,107","±227","1,574","±260","2,190","±192","1,187","±235","8,647","±451","1,539","±284","8,948","±547","3,157","±320","16,771,570","±20,531","535,371","±3,387"
"        30 to 34 years","7,128","±471","1,527","±274","10,434","±474","316,132","±3,088","32,977","±828","1,053","±148","5,111","±387","3,067","±259","2,356","±283","29,190","±682","16,440","±681","898","±184","2,078","±129","8,083","±273","2,733","±174","2,815","±209","1,614","±150","876","±161","10,040","±380","4,280","±380","3,678","±239","1,466","±194","5,180","±288","10,485","±495","2,291","±154","2,274","±212","4,600","±274","2,956","±231","21,705","±842","3,681","±243","1,069","±108","945","±124","2,144","±155","2,070","±169","1,205","±226","7,978","±379","2,026","±342","10,341","±516","2,675","±233","17,428,219","±24,065","545,597","±3,870"
"        35 to 39 years","7,298","±571","1,421","±222","10,812","±709","346,708","±3,937","31,375","±1,093","1,131","±202","5,151","±574","3,513","±419","2,229","±355","30,177","±1,168","16,065","±893","1,261","±270","2,400","±275","8,438","±682","2,870","±373","3,712","±432","1,431","±178","901","±208","10,654","±758","3,641","±361","4,173","±411","1,403","±255","5,742","±403","11,636","±671","2,803","±267","2,679","±334","4,461","±454","2,716","±324","20,773","±1,097","3,661","±420","1,558","±238","1,164","±183","1,679","±328","2,215","±314","794","±180","7,251","±648","1,701","±321","9,974","±725","2,987","±338","17,765,275","±31,429","579,889","±5,366"
"        40 to 44 years","7,378","±572","1,867","±305","11,005","±699","352,759","±4,114","30,937","±1,401","1,368","±222","6,367","±547","2,687","±413","2,234","±352","30,849","±1,175","15,333","±819","972","±214","2,281","±306","8,375","±634","3,283","±356","3,510","±373","1,343","±176","974","±217","11,106","±655","3,385","±382","4,314","±373","1,821","±225","4,761","±406","11,624","±589","1,988","±344","2,214","±365","5,314","±442","2,262","±310","20,022","±1,057","3,120","±372","1,324","±219","1,476","±225","2,309","±326","2,565","±410","1,265","±201","7,276","±698","1,828","±317","9,267","±854","3,088","±340","17,413,544","±32,504","588,730","±5,166"
"        45 to 49 years","7,491","±342","1,999","±128","10,458","±382","381,464","±2,371","32,257","±651","1,544","±86","6,749","±323","3,989","±259","2,458","±254","32,015","±479","16,500","±397","1,076","±192","2,663","±236","9,208","±174","3,081","±221","3,510","±247","1,526","±99","930","±196","12,264","±262","2,978","±335","4,677","±256","2,019","±178","6,019","±231","12,517","±405","2,731","±240","2,364","±172","5,380","±232","2,483","±211","19,203","±543","3,384","±178","1,475","±117","1,469","±125","2,419","±150","2,162","±159","1,693","±136","6,968","±319","1,877","±163","10,024","±317","3,336","±216","18,570,664","±18,734","628,538","±2,781"
"        50 to 54 years","8,124","±276","1,800","±182","9,960","±280","367,916","±2,045","35,147","±574","1,618","±110","6,671","±307","3,748","±283","2,472","±214","33,637","±574","17,282","±398","1,408","±85","2,437","±146","9,158","±198","3,167","±166","3,865","±178","1,670","±83","1,135","±158","11,552","±351","3,171","±348","4,617","±296","1,647","±143","6,258","±230","13,457","±356","3,114","±187","2,686","±124","5,733","±190","2,701","±168","20,311","±535","3,257","±220","1,493","±106","1,705","±57","2,799","±133","2,205","±122","1,397","±128","7,723","±268","2,168","±149","11,283","±357","3,539","±257","19,393,598","±19,540","627,575","±2,689"
"        55 to 59 years","8,489","±522","1,979","±224","10,286","±598","341,272","±3,432","36,117","±1,027","1,836","±186","8,076","±544","3,304","±321","2,263","±278","33,823","±1,045","17,887","±682","1,435","±193","2,667","±306","8,406","±451","3,087","±323","4,263","±317","1,600","±179","1,178","±145","11,163","±568","3,846","±396","3,839","±345","1,727","±230","6,852","±505","14,367","±694","3,375","±326","2,574","±309","5,728","±400","3,217","±284","21,082","±1,000","3,273","±335","1,545","±210","1,740","±209","2,816","±323","2,608","±238","1,758","±231","7,194","±461","1,934","±218","11,590","±731","3,201","±368","19,895,029","±26,248","608,453","±4,529"
"        60 to 64 years","8,790","±577","2,056","±265","10,051","±681","290,710","±3,634","36,734","±1,052","1,392","±179","7,510","±517","3,318","±342","2,586","±261","35,481","±1,045","17,468","±762","1,364","±191","2,573","±282","7,278","±462","2,538","±313","3,450","±281","1,802","±190","1,063","±137","9,886","±517","3,233","±360","3,631","±330","1,733","±227","5,652","±424","14,397","±620","3,284","±323","2,030","±320","5,516","±374","2,530","±290","18,598","±810","3,342","±349","1,503","±199","1,730","±211","2,833","±296","2,050","±229","1,192","±243","7,249","±520","2,118","±250","9,089","±695","3,409","±325","18,623,905","±23,973","545,405","±4,887"
"        65 to 69 years","7,548","±439","1,754","±215","8,330","±437","239,560","±2,488","29,673","±928","1,146","±158","7,306","±506","2,573","±305","2,000","±261","29,826","±873","13,872","±575","1,198","±195","2,542","±250","6,449","±423","2,405","±273","3,454","±274","1,494","±139","971","±130","8,675","±444","2,356","±274","3,425","±324","1,385","±204","5,439","±351","11,949","±495","2,871","±263","2,128","±306","4,772","±377","2,255","±189","17,126","±834","2,656","±316","1,321","±135","1,551","±171","2,401","±244","1,763","±257","1,482","±264","5,784","±394","1,800","±211","7,454","±528","2,668","±303","15,757,851","±17,858","462,118","±3,462"
"        70 to 74 years","5,446","±387","1,540","±219","6,692","±404","173,301","±2,614","23,477","±904","1,157","±151","5,998","±473","2,071","±330","1,515","±232","23,803","±871","11,038","±531","1,125","±193","1,968","±257","4,959","±423","1,761","±266","2,758","±259","1,457","±146","590","±138","7,364","±440","1,896","±230","2,223","±275","1,373","±182","4,075","±361","8,469","±456","2,337","±252","1,691","±305","3,906","±372","1,732","±214","12,982","±790","2,108","±272","1,037","±143","1,055","±171","1,693","±234","1,460","±220","1,637","±257","4,546","±411","1,350","±201","5,551","±514","2,346","±285","11,947,652","±18,706","349,235","±3,523"
"        75 years and over","8,316","±192","2,088","±133","9,570","±286","236,053","±1,261","34,370","±497","1,728","±50","8,379","±304","3,136","±125","2,538","±93","38,568","±448","16,789","±282","1,635","±130","3,267","±132","7,678","±271","2,323","±162","4,546","±176","2,011","±91","1,024","±60","10,805","±242","2,256","±228","3,490","±139","1,696","±115","6,012","±173","14,219","±241","3,193","±100","2,640","±170","6,391","±166","2,278","±68","19,626","±313","3,086","±78","1,703","±103","1,799","±89","3,106","±72","2,286","±97","1,720","±86","7,229","±260","2,394","±139","8,742","±248","3,690","±121","19,747,209","±9,747","502,165","±1,720"
"    Moved within same county:","15,206","±1,709","4,036","±976","17,449","±1,515","391,543","±7,420","39,303","±2,795","1,857","±474","7,598","±1,252","4,129","±876","2,076","±534","39,065","±2,326","28,040","±2,037","1,534","±505","1,367","±393","5,948","±838","2,483","±455","3,979","±564","2,432","±530","675","±237","13,071","±1,487","7,837","±965","2,312","±524","2,057","±513","7,513","±1,127","16,638","±1,421","4,123","±767","4,178","±752","9,463","±1,133","3,613","±670","40,028","±2,581","11,070","±1,257","2,040","±585","2,295","±672","3,847","±744","1,684","±557","1,881","±533","10,348","±1,227","2,515","±742","14,687","±1,954","3,593","±758","25,736,976","±133,956","721,736","±10,860"
"        1 to 4 years","1,479","±309","221","±115","788","±263","25,974","±1,535","3,439","±601","160","±112","622","±284","418","±226","184","±119","2,376","±408","2,527","±437","211","±188","104","±75","406","±175","160","±128","449","±155","291","±91","33","±43","1,094","±324","851","±258","101","±70","16","±27","481","±267","1,217","±329","275","±134","346","±217","625","±199","240","±135","2,795","±420","654","±221","226","±126","321","±258","279","±131","29","±27","213","±119","830","±204","243","±154","1,053","±321","328","±176","1,839,535","±19,424","51,673","±2,452"
"        5 to 17 years","3,604","±591","1,128","±473","1,798","±549","74,308","±3,308","7,426","±1,001","474","±233","1,279","±368","820","±338","498","±210","6,500","±780","6,385","±846","210","±171","139","±115","1,002","±329","422","±167","983","±295","693","±250","46","±41","3,023","±470","1,955","±456","416","±181","450","±237","1,564","±407","3,338","±621","640","±209","1,043","±340","1,973","±512","620","±210","7,660","±999","1,159","±364","531","±210","369","±272","740","±261","331","±158","498","±201","1,826","±464","674","±340","3,155","±673","977","±367","4,253,847","±44,248","141,055","±5,030"
"        18 and 19 years","520","±192","139","±105","1,079","±253","12,155","±868","1,172","±309","29","±38","172","±117","110","±72","4","±7","1,348","±302","555","±170","0","±25","29","±29","79","±48","72","±50","112","±56","35","±27","19","±29","249","±105","194","±83","65","±45","137","±59","306","±131","402","±154","291","±185","65","±63","306","±135","68","±60","1,335","±357","1,374","±323","47","±45","11","±18","54","±45","26","±27","60","±51","157","±87","140","±135","477","±190","109","±92","828,490","±8,973","23,002","±1,273"
"        20 to 24 years","1,483","±387","667","±285","6,162","±618","41,303","±1,934","3,734","±552","107","±68","595","±196","455","±194","154","±96","4,366","±520","2,591","±439","114","±74","249","±174","749","±267","398","±186","239","±86","168","±91","50","±50","1,411","±361","927","±229","282","±130","325","±203","766","±205","2,131","±372","1,081","±337","402","±207","1,191","±290","561","±240","4,752","±645","4,077","±664","127","±72","203","±133","546","±183","240","±178","56","±60","2,150","±362","250","±115","1,965","±422","464","±167","3,430,781","±16,558","85,769","±3,044"
"        25 to 29 years","1,400","±309","460","±206","2,271","±343","52,392","±1,943","5,129","±762","180","±114","768","±223","436","±157","216","±125","5,394","±648","3,791","±516","139","±88","137","±66","875","±234","307","±135","356","±115","315","±109","111","±84","1,555","±299","1,198","±298","294","±126","169","±128","812","±245","2,212","±386","339","±161","334","±159","1,230","±303","470","±221","5,511","±744","1,095","±347","255","±119","361","±194","543","±197","156","±95","158","±158","1,548","±314","246","±139","2,550","±470","452","±217","3,465,384","±17,264","92,884","±2,515"
"        30 to 34 years","1,363","±356","311","±189","1,399","±291","39,592","±1,935","3,408","±475","357","±142","661","±234","160","±90","244","±108","4,005","±522","2,636","±452","221","±114","85","±48","490","±215","184","±88","428","±117","261","±114","26","±29","1,087","±275","971","±264","278","±132","227","±139","667","±230","1,999","±419","280","±126","522","±193","771","±216","386","±172","3,854","±680","593","±163","146","±77","169","±104","273","±127","286","±138","155","±106","948","±254","168","±106","1,175","±410","185","±96","2,553,527","±17,113","69,456","±2,559"
"        35 to 39 years","1,352","±337","310","±146","836","±252","32,733","±1,594","3,188","±531","196","±125","700","±211","409","±193","49","±47","2,615","±377","2,319","±483","160","±119","150","±114","328","±143","129","±82","202","±66","75","±54","38","±46","949","±233","692","±226","129","±92","191","±88","645","±237","1,018","±266","150","±79","381","±165","761","±220","320","±157","2,888","±462","477","±215","217","±129","140","±88","244","±137","135","±95","129","±80","563","±259","227","±140","1,299","±412","273","±116","1,895,847","±17,656","56,816","±2,197"
"        40 to 44 years","778","±236","181","±134","562","±227","25,648","±1,502","2,163","±468","87","±56","528","±224","357","±213","133","±104","2,094","±366","1,441","±340","110","±93","28","±20","358","±139","183","±89","221","±101","122","±51","37","±45","879","±231","397","±156","164","±93","200","±120","412","±173","809","±258","247","±115","177","±93","553","±201","113","±83","1,927","±364","309","±136","79","±67","82","±61","389","±195","146","±87","127","±94","522","±175","148","±85","967","±356","104","±77","1,464,916","±14,350","43,581","±1,935"
"        45 to 49 years","690","±201","11","±20","554","±171","23,191","±1,438","1,970","±438","62","±65","487","±204","146","±91","143","±92","2,350","±453","1,136","±246","116","±104","40","±35","329","±127","176","±87","218","±111","106","±68","88","±82","596","±162","109","±68","139","±81","52","±41","332","±126","783","±210","337","±172","230","±130","586","±208","219","±170","2,321","±539","193","±119","83","±71","177","±115","108","±71","43","±34","117","±103","381","±142","83","±56","626","±197","59","±57","1,268,840","±11,006","38,137","±1,719"
"        50 to 54 years","628","±194","171","±119","514","±204","19,128","±1,246","1,780","±442","29","±30","494","±170","315","±194","64","±77","1,809","±389","1,345","±245","19","±24","78","±65","404","±123","99","±74","139","±70","52","±32","25","±22","611","±216","213","±139","110","±63","73","±71","469","±205","671","±169","89","±69","94","±63","319","±112","214","±113","1,764","±404","237","±126","53","±49","48","±36","139","±90","87","±61","44","±46","271","±90","21","±17","295","±127","140","±97","1,126,089","±12,508","32,494","±1,549"
"        55 to 59 years","533","±161","28","±28","321","±108","14,017","±1,027","2,172","±422","51","±38","277","±121","168","±98","79","±61","1,661","±280","1,263","±252","105","±95","31","±19","213","±98","45","±37","153","±78","100","±62","19","±24","466","±163","71","±44","26","±21","68","±73","226","±120","475","±148","88","±79","179","±88","271","±118","143","±90","2,148","±662","291","±140","58","±50","126","±92","148","±94","33","±35","126","±107","335","±104","106","±64","418","±178","81","±53","986,614","±9,102","26,341","±1,363"
"        60 to 64 years","444","±169","61","±57","299","±122","11,128","±1,035","1,293","±293","33","±29","344","±139","142","±104","100","±71","1,356","±330","577","±164","69","±55","84","±79","396","±205","113","±82","154","±81","74","±61","55","±51","393","±152","103","±69","75","±49","36","±40","235","±108","548","±223","136","±80","165","±111","288","±141","34","±27","1,077","±277","225","±126","57","±46","47","±26","99","±88","15","±23","112","±79","157","±75","108","±90","156","±90","107","±73","794,893","±7,454","20,712","±1,146"
"        65 to 69 years","323","±125","75","±67","356","±137","7,014","±640","877","±207","15","±16","243","±115","96","±77","125","±84","796","±198","459","±150","4","±9","120","±81","83","±45","41","±40","104","±56","44","±29","69","±69","266","±148","77","±56","108","±75","61","±68","190","±116","487","±185","86","±61","77","±60","148","±94","73","±57","809","±209","137","±103","48","±42","72","±47","148","±72","33","±35","40","±41","174","±89","7","±14","157","±92","111","±70","550,357","±5,067","14,006","±810"
"        70 to 74 years","185","±88","78","±69","60","±40","4,893","±679","562","±178","0","±25","132","±96","45","±48","43","±53","926","±234","358","±172","0","±25","30","±29","158","±80","77","±87","42","±32","52","±31","18","±21","145","±85","42","±39","35","±38","25","±29","135","±52","199","±95","19","±22","47","±45","184","±100","121","±127","369","±122","159","±105","47","±48","72","±69","54","±40","53","±57","15","±24","154","±90","67","±56","141","±91","90","±68","397,721","±4,177","9,464","±847"
"        75 years and over","424","±147","195","±96","450","±158","8,067","±724","990","±195","77","±40","296","±168","52","±39","40","±37","1,469","±334","657","±200","56","±43","63","±46","78","±52","77","±60","179","±89","44","±31","41","±41","347","±158","37","±27","90","±55","27","±38","273","±101","349","±111","65","±45","116","±84","257","±88","31","±29","818","±189","90","±51","66","±48","97","±64","83","±59","71","±48","31","±38","332","±136","27","±22","253","±140","113","±78","880,135","±6,852","16,346","±968"
"    Moved from different county within same state:","7,220","±1,090","1,741","±322","20,516","±1,494","273,829","±6,607","17,703","±1,722","1,684","±476","5,287","±873","1,727","±545","1,669","±478","14,767","±1,599","12,043","±1,282","1,025","±343","2,570","±455","3,055","±543","1,450","±316","2,094","±381","802","±186","445","±220","8,241","±1,021","5,970","±1,178","3,019","±516","651","±258","3,247","±495","12,228","±1,338","4,271","±609","1,556","±322","3,279","±534","2,095","±580","16,258","±1,610","8,691","±929","629","±227","929","±321","2,165","±564","1,378","±449","1,225","±430","5,090","±729","2,339","±583","6,966","±1,279","1,862","±597","10,380,509","±44,853","485,183","±8,431"
"        1 to 4 years","157","±95","70","±47","275","±117","18,095","±1,553","1,104","±434","69","±70","365","±215","36","±47","120","±99","872","±282","749","±251","89","±84","113","±64","162","±100","104","±87","148","±76","14","±16","0","±21","441","±157","593","±241","341","±156","90","±113","264","±118","657","±203","29","±36","15","±18","274","±208","208","±146","964","±349","258","±167","19","±27","45","±46","54","±43","99","±81","62","±62","347","±182","133","±108","440","±193","240","±179","585,262","±8,937","29,829","±1,772"
"        5 to 17 years","1,145","±455","128","±71","2,040","±685","37,052","±2,231","2,506","±564","304","±182","1,091","±358","306","±197","280","±173","1,812","±670","1,419","±382","213","±109","355","±185","336","±153","141","±82","239","±151","63","±49","111","±96","866","±272","1,345","±470","443","±171","11","±13","292","±123","2,041","±505","238","±160","203","±104","383","±151","250","±229","1,509","±396","934","±428","114","±82","73","±84","396","±205","153","±137","297","±245","501","±219","386","±211","1,210","±434","378","±269","1,207,144","±15,536","64,039","±3,029"
"        18 and 19 years","700","±185","324","±148","7,584","±523","11,413","±877","958","±235","13","±17","162","±67","30","±29","22","±24","1,770","±346","898","±332","80","±71","176","±90","134","±64","84","±51","91","±52","6","±10","0","±21","406","±116","147","±92","57","±42","41","±48","121","±66","815","±160","1,341","±267","12","±12","197","±87","102","±76","1,869","±786","3,987","±368","54","±57","74","±63","43","±26","150","±103","139","±50","678","±229","143","±71","574","±166","4","±9","854,474","±6,577","35,226","±1,519"
"        20 to 24 years","1,295","±279","405","±135","4,337","±529","37,259","±1,738","2,654","±479","194","±82","687","±183","83","±61","286","±130","2,396","±377","2,089","±458","28","±35","186","±91","356","±141","102","±68","241","±98","118","±63","63","±92","1,163","±238","692","±204","198","±82","100","±94","394","±170","1,565","±356","901","±273","358","±153","551","±167","299","±158","2,477","±502","1,559","±388","114","±110","123","±80","284","±149","119","±77","118","±82","1,112","±225","419","±176","683","±243","210","±107","1,633,666","±12,382","68,454","±2,251"
"        25 to 29 years","1,015","±297","218","±75","1,349","±346","42,818","±1,895","2,801","±492","280","±118","470","±191","317","±194","292","±173","2,212","±437","2,027","±332","83","±64","244","±95","340","±128","287","±109","346","±113","108","±57","123","±89","905","±217","831","±256","541","±157","67","±47","540","±183","1,435","±313","483","±154","333","±153","390","±150","678","±307","2,594","±513","299","±132","21","±24","126","±76","377","±189","246","±165","129","±164","623","±183","348","±200","832","±293","228","±104","1,494,982","±10,804","69,874","±2,464"
"        30 to 34 years","588","±209","121","±42","1,121","±328","29,036","±1,495","1,717","±382","156","±55","526","±235","323","±182","93","±76","1,025","±254","1,069","±257","240","±133","206","±101","214","±90","131","±82","154","±79","114","±52","11","±20","822","±214","246","±108","386","±158","65","±52","316","±116","1,062","±266","274","±91","63","±55","227","±99","116","±109","1,779","±405","289","±147","76","±56","80","±78","55","±38","83","±62","13","±16","450","±187","88","±44","783","±296","225","±110","1,012,450","±9,267","47,130","±1,978"
"        35 to 39 years","615","±250","76","±40","639","±194","21,623","±1,607","1,594","±480","221","±98","375","±212","172","±90","109","±75","710","±269","999","±220","33","±40","251","±124","230","±122","124","±63","137","±67","78","±44","15","±20","462","±143","514","±379","201","±110","42","±39","284","±160","820","±293","314","±145","58","±64","304","±131","93","±92","1,214","±320","270","±137","18","±15","50","±55","330","±280","67","±71","79","±83","169","±122","130","±109","597","±317","59","±44","727,828","±9,283","36,690","±2,008"
"        40 to 44 years","386","±168","40","±33","517","±157","14,638","±1,089","899","±240","118","±69","144","±92","37","±33","177","±124","592","±228","698","±193","34","±31","189","±111","300","±120","124","±80","180","±85","96","±54","39","±52","364","±139","292","±142","71","±44","38","±37","273","±153","464","±138","81","±40","58","±53","208","±100","0","±31","853","±229","59","±40","17","±16","138","±111","11","±11","71","±73","46","±46","319","±117","192","±97","287","±178","73","±37","531,409","±6,437","24,386","±1,284"
"        45 to 49 years","366","±163","91","±66","686","±189","15,961","±1,161","652","±164","64","±40","306","±165","47","±50","114","±106","757","±248","583","±165","0","±25","305","±135","266","±117","86","±63","68","±41","29","±28","0","±21","659","±220","473","±181","143","±101","33","±41","132","±99","725","±203","127","±90","92","±66","156","±92","62","±43","672","±211","262","±141","12","±18","44","±35","97","±92","120","±75","22","±28","134","±91","129","±86","382","±174","50","±39","472,075","±5,962","26,364","±1,313"
"        50 to 54 years","194","±99","79","±89","300","±127","12,612","±1,070","799","±232","126","±103","313","±195","48","±52","16","±27","555","±188","460","±184","58","±65","222","±109","109","±69","85","±83","121","±68","30","±23","12","±16","701","±199","401","±238","70","±53","82","±46","51","±34","702","±201","148","±68","87","±64","171","±87","41","±49","371","±120","279","±141","74","±61","86","±51","85","±56","40","±46","105","±86","196","±100","44","±46","284","±167","89","±84","437,307","±6,321","22,258","±1,371"
"        55 to 59 years","291","±142","66","±59","589","±214","10,425","±847","583","±147","74","±54","123","±75","105","±99","115","±73","695","±221","391","±120","40","±48","104","±66","117","±87","48","±38","128","±63","20","±22","7","±14","491","±144","152","±98","137","±69","38","±37","213","±122","550","±199","55","±42","94","±65","85","±63","33","±42","676","±174","121","±85","31","±33","19","±19","99","±88","53","±53","17","±20","262","±129","118","±77","300","±214","131","±87","396,390","±4,720","19,140","±1,143"
"        60 to 64 years","135","±65","27","±32","396","±168","8,394","±745","352","±136","51","±55","163","±81","61","±52","8","±15","388","±147","257","±119","66","±68","78","±61","39","±38","48","±36","93","±57","0","±22","0","±21","266","±113","33","±30","200","±83","5","±11","125","±75","278","±118","55","±50","50","±41","83","±51","116","±72","511","±229","184","±148","43","±58","0","±25","84","±70","95","±65","149","±112","124","±63","37","±32","342","±210","56","±37","327,078","±4,618","14,486","±947"
"        65 to 69 years","149","±123","15","±22","316","±142","4,910","±576","491","±160","3","±6","120","±74","75","±76","37","±60","328","±127","136","±63","0","±25","36","±29","247","±129","25","±23","48","±46","56","±68","15","±23","205","±88","66","±62","73","±53","5","±12","67","±51","344","±138","51","±62","45","±35","20","±19","12","±18","288","±152","78","±70","0","±25","0","±25","189","±119","27","±29","25","±31","51","±37","26","±24","123","±83","50","±44","234,805","±3,246","9,519","±760"
"        70 to 74 years","61","±44","17","±22","115","±57","3,687","±498","181","±82","8","±12","159","±94","20","±28","0","±28","219","±113","129","±73","44","±47","62","±69","27","±31","15","±19","31","±30","21","±20","15","±16","214","±88","38","±55","66","±54","13","±24","65","±55","298","±151","22","±31","0","±28","106","±72","44","±54","194","±92","52","±49","22","±29","28","±36","42","±34","26","±31","2","±3","64","±52","97","±81","66","±63","31","±33","156,817","±2,982","6,841","±688"
"        75 years and over","123","±64","64","±43","252","±132","5,906","±722","412","±132","3","±6","283","±145","67","±63","0","±28","436","±151","139","±76","17","±17","43","±37","178","±88","46","±49","69","±48","49","±37","34","±34","276","±89","147","±105","92","±55","21","±22","110","±66","472","±185","152","±69","88","±69","124","±74","41","±39","287","±133","60","±43","14","±18","43","±32","19","±21","29","±29","22","±37","60","±34","49","±36","63","±43","38","±36","308,822","±3,919","10,947","±859"
"    Moved from different state:","2,518","±620","161","±87","6,291","±831","157,915","±6,404","20,551","±1,819","374","±182","2,503","±500","491","±196","619","±256","18,309","±1,701","21,482","±1,629","287","±162","473","±218","1,971","±669","699","±326","942","±353","661","±201","190","±91","3,896","±762","7,480","±853","917","±325","754","±307","1,904","±455","3,023","±486","561","±217","1,361","±618","1,592","±460","4,167","±654","17,421","±1,888","1,519","±557","322","±229","333","±180","1,665","±458","316","±135","476","±288","5,077","±825","869","±437","5,389","±1,049","819","±382","7,475,038","±38,666","282,955","±7,371"
"        1 to 4 years","153","±96","9","±16","412","±165","10,580","±1,140","1,416","±280","0","±25","107","±84","98","±91","12","±18","1,199","±328","1,608","±377","30","±52","42","±43","160","±139","48","±48","114","±104","65","±46","0","±21","124","±96","930","±241","69","±89","0","±25","137","±80","262","±158","28","±29","81","±102","74","±61","286","±119","1,206","±380","125","±96","85","±93","72","±78","117","±78","0","±28","0","±25","374","±201","98","±130","222","±133","75","±74","435,295","±6,056","19,419","±1,458"
"        5 to 17 years","425","±241","0","±28","695","±238","25,378","±2,167","2,731","±623","0","±25","332","±174","71","±65","92","±97","2,203","±459","2,972","±467","6","±11","0","±28","306","±251","145","±148","231","±196","146","±74","0","±21","664","±317","1,386","±316","144","±124","69","±79","304","±170","314","±151","50","±64","394","±298","174","±121","617","±245","1,905","±458","194","±165","31","±48","34","±63","340","±196","0","±28","92","±137","470","±210","328","±225","972","±388","82","±83","885,687","±10,876","41,792","±2,484"
"        18 and 19 years","81","±47","0","±28","734","±192","4,426","±540","1,463","±304","0","±25","80","±72","4","±7","23","±31","1,044","±218","2,091","±320","0","±25","44","±40","82","±55","56","±39","31","±32","42","±34","0","±21","130","±68","288","±126","32","±38","18","±23","20","±20","218","±114","118","±89","76","±94","148","±52","307","±118","1,345","±298","141","±75","12","±18","27","±36","31","±38","28","±27","30","±34","369","±258","18","±17","251","±160","0","±31","536,853","±5,162","13,259","±1,044"
"        20 to 24 years","432","±172","30","±42","1,239","±278","19,288","±1,463","2,821","±503","20","±32","263","±114","35","±41","28","±33","2,386","±359","3,787","±496","27","±37","7","±9","294","±137","21","±32","0","±31","11","±16","16","±21","464","±185","1,910","±347","75","±61","32","±41","373","±177","419","±180","33","±31","164","±121","305","±138","810","±168","2,437","±486","257","±170","20","±19","36","±40","201","±126","69","±85","14","±18","1,182","±357","54","±52","876","±269","79","±68","1,076,503","±9,962","38,885","±1,716"
"        25 to 29 years","358","±153","0","±28","930","±224","21,325","±1,311","2,646","±477","110","±119","297","±175","60","±67","50","±45","2,728","±491","3,623","±483","59","±86","84","±72","302","±150","0","±31","52","±42","48","±37","0","±21","342","±190","845","±198","45","±41","151","±105","191","±95","355","±151","109","±82","121","±107","161","±86","693","±242","2,769","±557","45","±36","40","±35","9","±16","225","±138","27","±30","108","±110","717","±223","59","±79","577","±217","40","±41","1,064,480","±9,955","37,902","±1,818"
"        30 to 34 years","137","±88","57","±64","569","±201","16,976","±1,192","1,920","±333","55","±38","320","±150","21","±33","46","±45","1,548","±354","2,524","±454","6","±12","29","±33","196","±131","100","±109","68","±55","70","±59","14","±16","400","±239","598","±169","11","±13","38","±46","151","±97","228","±84","56","±51","1","±11","158","±124","276","±143","1,494","±343","171","±109","13","±19","48","±45","282","±202","0","±28","48","±73","411","±176","15","±23","481","±216","109","±117","748,664","±7,561","27,810","±1,437"
"        35 to 39 years","49","±41","15","±21","246","±137","12,519","±962","1,594","±335","47","±36","107","±82","32","±33","89","±90","1,005","±241","1,295","±301","6","±12","0","±28","187","±139","3","±5","42","±45","63","±44","0","±21","253","±127","163","±88","187","±118","40","±39","145","±118","108","±74","25","±23","161","±119","118","±112","227","±126","1,323","±377","74","±61","17","±21","19","±24","142","±112","11","±17","0","±25","221","±99","49","±70","515","±222","86","±88","523,572","±7,102","20,123","±1,273"
"        40 to 44 years","46","±32","0","±28","321","±209","9,196","±875","1,138","±308","11","±20","145","±84","35","±39","56","±63","857","±198","972","±251","56","±77","99","±117","128","±116","75","±60","61","±41","4","±8","12","±20","244","±130","365","±164","52","±40","150","±95","22","±35","248","±115","36","±39","60","±50","25","±27","191","±103","739","±204","55","±60","25","±37","13","±27","38","±42","0","±28","44","±49","289","±159","11","±21","317","±167","53","±61","377,003","±5,866","15,685","±1,042"
"        45 to 49 years","175","±161","1","±2","156","±72","8,057","±1,102","954","±328","12","±14","105","±95","16","±25","10","±17","1,112","±279","535","±159","4","±8","5","±11","19","±21","59","±53","115","±135","73","±39","34","±51","132","±73","366","±166","20","±32","75","±58","72","±51","177","±89","0","±31","130","±96","33","±30","188","±131","821","±243","95","±73","33","±50","12","±20","156","±105","0","±28","0","±25","325","±213","79","±77","131","±138","156","±152","320,996","±5,164","14,212","±1,391"
"        50 to 54 years","189","±141","0","±28","217","±105","7,666","±694","663","±220","0","±25","260","±131","7","±12","43","±45","980","±229","641","±182","9","±16","46","±48","60","±56","16","±25","45","±38","31","±25","0","±21","241","±140","212","±89","4","±8","55","±40","152","±90","69","±58","0","±31","32","±35","66","±57","161","±105","832","±257","168","±110","0","±25","11","±17","6","±9","27","±27","44","±55","75","±76","28","±43","173","±100","0","±31","307,528","±5,105","12,528","±875"
"        55 to 59 years","82","±50","2","±4","135","±74","6,596","±781","696","±179","11","±17","119","±80","0","±31","28","±26","879","±266","467","±175","22","±31","0","±28","65","±50","15","±15","39","±38","16","±14","20","±22","124","±85","83","±56","122","±110","51","±62","79","±48","104","±52","26","±24","40","±45","84","±59","158","±82","636","±255","73","±71","9","±14","30","±38","12","±18","45","±38","0","±25","233","±133","80","±70","113","±69","9","±12","298,118","±4,393","10,771","±918"
"        60 to 64 years","117","±66","22","±36","122","±64","4,685","±628","942","±262","0","±25","119","±98","0","±31","0","±28","956","±276","478","±147","15","±18","21","±21","52","±48","5","±9","65","±59","40","±37","21","±23","212","±105","182","±174","35","±55","24","±44","87","±46","179","±91","21","±20","67","±79","106","±74","78","±47","709","±269","68","±48","4","±5","20","±24","13","±20","21","±25","22","±36","107","±65","13","±20","250","±162","41","±49","278,147","±3,598","9,516","±808"
"        65 to 69 years","143","±109","5","±8","183","±82","3,998","±509","692","±275","60","±92","145","±103","71","±62","142","±120","484","±122","221","±147","21","±23","48","±41","28","±30","98","±118","50","±63","22","±23","22","±33","95","±69","28","±26","31","±37","11","±19","49","±41","217","±92","7","±11","24","±39","72","±59","120","±77","574","±229","19","±29","16","±16","2","±5","61","±80","68","±88","28","±45","173","±111","37","±34","85","±71","0","±31","231,984","±4,097","8,291","±745"
"        70 to 74 years","61","±54","0","±28","128","±87","2,547","±466","363","±132","17","±24","49","±48","0","±31","0","±28","358","±126","137","±90","0","±25","9","±15","47","±54","5","±9","0","±31","23","±20","11","±19","239","±110","103","±132","26","±29","40","±57","25","±24","30","±29","0","±31","0","±28","16","±17","16","±29","259","±106","19","±30","4","±6","0","±25","14","±21","0","±28","13","±21","70","±61","0","±28","149","±109","30","±37","152,779","±3,226","4,844","±515"
"        75 years and over","70","±59","20","±26","204","±100","4,678","±620","512","±217","31","±32","55","±43","41","±52","0","±28","570","±162","131","±67","26","±42","39","±33","45","±53","53","±49","29","±28","7","±10","40","±34","232","±117","21","±23","64","±63","0","±25","97","±105","95","±53","52","±54","10","±13","52","±46","39","±34","372","±147","15","±25","13","±14","0","±25","27","±40","20","±33","33","±51","61","±61","0","±28","277","±143","59","±54","237,429","±3,503","7,918","±737"
"    Moved from abroad:","230","±108","64","±59","1,016","±315","38,912","±2,437","3,135","±666","22","±35","191","±107","205","±144","118","±91","1,141","±281","2,807","±718","12","±20","372","±322","172","±99","104","±97","124","±68","71","±60","21","±32","708","±336","1,041","±358","162","±122","58","±43","428","±218","625","±301","56","±67","180","±103","172","±97","189","±132","2,768","±668","200","±90","40","±37","60","±92","55","±42","82","±68","158","±141","719","±284","14","±15","1,041","±444","16","±26","2,063,988","±17,801","57,267","±2,940"
"        1 to 4 years","17","±19","0","±28","49","±56","2,922","±583","296","±142","0","±25","0","±31","0","±31","0","±28","147","±130","233","±166","0","±25","35","±75","0","±31","0","±31","10","±14","8","±13","0","±21","13","±20","33","±36","0","±31","3","±6","14","±25","13","±20","0","±31","0","±28","8","±12","0","±31","103","±71","0","±31","0","±25","18","±32","9","±16","0","±28","16","±24","55","±50","0","±28","88","±79","0","±31","111,065","±2,959","3,928","±644"
"        5 to 17 years","61","±60","1","±3","82","±67","5,614","±820","320","±176","0","±25","9","±13","21","±36","0","±28","94","±85","251","±152","0","±25","147","±146","9","±14","8","±12","13","±20","4","±8","13","±21","168","±120","30","±33","0","±31","0","±25","53","±50","94","±75","0","±31","9","±19","25","±42","60","±74","224","±131","10","±19","0","±25","23","±34","15","±21","0","±28","25","±42","5","±9","0","±28","189","±155","0","±31","299,579","±6,006","7,525","±868"
"        18 and 19 years","22","±27","0","±28","39","±31","1,456","±294","40","±38","0","±25","0","±31","0","±31","0","±28","63","±32","106","±53","0","±25","22","±33","16","±28","0","±31","0","±31","0","±22","0","±21","98","±106","6","±11","0","±31","0","±25","53","±83","54","±58","0","±31","0","±28","5","±9","0","±31","178","±86","36","±36","0","±25","0","±25","0","±28","0","±28","15","±23","0","±31","3","±6","0","±31","0","±31","99,051","±2,705","2,196","±356"
"        20 to 24 years","6","±8","8","±16","182","±103","3,263","±473","235","±117","0","±25","18","±32","0","±31","0","±28","142","±77","318","±153","0","±25","67","±59","47","±47","0","±31","0","±31","4","±8","0","±21","17","±20","392","±190","36","±55","4","±7","48","±57","109","±107","0","±31","0","±28","48","±48","43","±50","602","±177","43","±38","22","±34","0","±25","4","±8","0","±28","8","±17","209","±182","1","±3","48","±81","0","±31","271,719","±5,253","5,887","±600"
"        25 to 29 years","5","±8","21","±25","256","±112","5,110","±735","523","±246","0","±25","0","±31","46","±49","64","±87","254","±126","413","±163","0","±25","0","±28","0","±31","0","±31","19","±28","0","±22","0","±21","27","±43","323","±222","0","±31","0","±25","44","±41","19","±27","0","±31","0","±28","21","±34","9","±14","373","±185","40","±44","0","±25","0","±25","0","±28","7","±13","0","±25","141","±105","0","±28","155","±148","0","±31","272,904","±4,582","7,573","±875"
"        30 to 34 years","11","±17","0","±28","101","±63","4,969","±672","443","±188","0","±25","23","±31","0","±31","0","±28","96","±61","539","±188","0","±25","35","±54","7","±11","18","±25","14","±20","12","±17","8","±12","46","±51","146","±92","33","±53","0","±25","43","±45","54","±64","0","±31","9","±17","0","±31","8","±13","348","±202","43","±50","10","±15","0","±25","0","±28","20","±35","0","±25","193","±141","0","±28","80","±76","0","±31","218,235","±4,925","7,177","±806"
"        35 to 39 years","14","±25","0","±28","49","±49","3,104","±434","389","±260","0","±25","0","±31","47","±56","0","±28","44","±41","233","±90","0","±25","48","±55","0","±31","2","±3","0","±31","6","±10","0","±21","100","±115","28","±26","0","±31","15","±25","56","±59","73","±57","0","±31","45","±46","0","±31","31","±50","119","±78","0","±31","0","±25","11","±17","0","±28","18","±31","26","±39","37","±37","0","±28","142","±120","0","±31","158,783","±3,522","4,563","±562"
"        40 to 44 years","0","±31","0","±28","44","±62","2,468","±439","263","±205","0","±25","0","±31","0","±31","0","±28","36","±35","273","±219","0","±25","0","±28","39","±44","0","±31","14","±21","12","±25","0","±21","135","±88","35","±24","27","±30","0","±25","30","±46","25","±39","0","±31","0","±28","0","±31","31","±41","126","±77","18","±22","0","±25","8","±13","0","±28","0","±28","0","±25","7","±11","0","±28","16","±25","0","±31","120,654","±3,708","3,671","±513"
"        45 to 49 years","0","±31","0","±28","43","±30","1,569","±302","141","±102","0","±25","0","±31","0","±31","0","±28","21","±19","143","±64","0","±25","0","±28","0","±31","0","±31","3","±5","0","±22","0","±21","30","±45","27","±30","0","±31","10","±20","24","±37","104","±78","9","±15","0","±28","7","±15","0","±31","115","±118","0","±31","4","±7","0","±25","5","±9","0","±28","0","±25","0","±31","0","±28","31","±45","0","±31","95,195","±2,875","2,363","±358"
"        50 to 54 years","25","±29","30","±49","1","±3","1,833","±402","112","±68","0","±25","0","±31","13","±21","16","±26","26","±35","83","±58","1","±2","0","±28","0","±31","0","±31","14","±23","0","±22","0","±21","0","±31","13","±19","0","±31","17","±24","0","±28","42","±44","9","±15","12","±21","21","±26","7","±12","169","±139","10","±13","0","±25","0","±25","7","±13","0","±28","0","±25","15","±16","0","±28","83","±98","0","±31","80,328","±2,378","2,659","±435"
"        55 to 59 years","8","±14","0","±28","42","±42","1,519","±361","51","±48","0","±25","43","±42","78","±107","25","±31","62","±58","78","±47","0","±25","0","±28","0","±31","0","±31","8","±13","20","±32","0","±21","25","±31","0","±31","4","±6","9","±16","6","±11","31","±35","30","±54","0","±28","25","±33","0","±31","93","±67","0","±31","0","±25","0","±25","0","±28","0","±28","0","±25","0","±31","5","±7","0","±31","0","±31","78,104","±2,271","2,152","±411"
"        60 to 64 years","18","±22","4","±6","36","±35","2,006","±530","228","±294","0","±25","4","±7","0","±31","0","±28","66","±60","66","±61","0","±25","0","±28","18","±29","12","±21","0","±31","5","±7","0","±21","0","±31","1","±4","6","±10","0","±25","6","±11","3","±6","0","±31","34","±39","0","±31","0","±31","177","±151","0","±31","0","±25","0","±25","0","±28","14","±24","35","±52","33","±50","0","±28","0","±31","0","±31","78,136","±2,157","2,782","±632"
"        65 to 69 years","0","±31","0","±28","29","±29","1,169","±351","17","±21","22","±35","48","±56","0","±31","0","±28","26","±45","40","±44","0","±25","18","±28","0","±31","0","±31","13","±15","0","±22","0","±21","0","±31","7","±11","0","±31","0","±25","41","±46","4","±10","0","±31","23","±27","0","±31","0","±31","114","±123","0","±31","0","±25","0","±25","0","±28","15","±24","0","±25","12","±37","5","±8","33","±25","0","±31","65,802","±1,637","1,800","±375"
"        70 to 74 years","29","±36","0","±28","42","±46","907","±252","17","±29","0","±25","12","±19","0","±31","0","±28","17","±19","0","±28","11","±18","0","±28","14","±16","10","±16","5","±9","0","±22","0","±21","0","±31","0","±31","49","±50","0","±25","0","±28","0","±31","0","±31","0","±28","0","±31","0","±31","5","±8","0","±31","0","±25","0","±25","0","±28","0","±28","0","±25","0","±31","0","±28","0","±31","16","±26","46,498","±1,517","1,177","±277"
"        75 years and over","14","±16","0","±28","21","±32","1,003","±264","60","±56","0","±25","34","±50","0","±31","13","±22","47","±38","31","±32","0","±25","0","±28","22","±26","54","±68","11","±17","0","±22","0","±21","49","±46","0","±31","7","±10","0","±25","10","±16","0","±31","8","±12","48","±58","12","±26","0","±31","22","±28","0","±31","4","±8","0","±25","15","±25","8","±11","33","±53","12","±20","0","±28","176","±214","0","±31","67,935","±1,967","1,814","±349"